car_id,target_class
P17494612l,gear_stick
N-1530212S,engine_overheat
B-1154399t,electro_bug
F12725233R,engine_check
l-1139189J,another_bug
U75286923j,engine_overheat
T-7479831o,engine_overheat
B-1369793u,engine_check
Y-1289786X,engine_overheat
C29045893T,gear_stick
v-1730983R,engine_check
I20727212Q,engine_overheat
p48812438h,engine_overheat
T-2633971l,another_bug
V-9683916q,engine_overheat
P68488505Z,engine_check
W23907639f,engine_overheat
A22674788w,engine_overheat
y-1252277z,gear_stick
u21168983D,engine_check
x12753662A,gear_stick
v-7435255a,engine_overheat
E12421362P,electro_bug
J35738918W,engine_overheat
T16973122B,engine_overheat
p-5671458M,electro_bug
I68086031c,engine_check
D69722395r,gear_stick
X10967418c,gear_stick
q-1489273f,engine_overheat
C-1903701S,engine_overheat
r11820515d,gear_stick
x12397432S,another_bug
Q50389908q,engine_overheat
B18597537S,engine_overheat
S-9537522o,engine_overheat
a10623296X,engine_check
R28123139u,gear_stick
h-1451730v,engine_overheat
d-1257449w,gear_stick
N11419190t,break_bug
k63904133P,engine_overheat
J92413639E,engine_check
b-3875784F,engine_overheat
f15183722K,engine_check
c-1874297z,gear_stick
E16971328N,engine_overheat
H18110876A,engine_check
P-1301418D,engine_check
b-9697936F,engine_overheat
H-4258275m,engine_check
H10655858l,electro_bug
w-1481290E,engine_overheat
C40885722w,gear_stick
f15625319Q,another_bug
B42019578p,gear_stick
T65731704H,electro_bug
e30424190o,gear_stick
w-1081221i,engine_overheat
E48110445u,engine_overheat
u73256394H,engine_check
m17237645h,engine_check
q-1403429B,engine_overheat
E-1889080W,another_bug
b-1781291I,another_bug
P77959737c,engine_check
h17474551u,electro_bug
d17705773B,engine_check
s-2080909j,engine_ignition
N18448941g,engine_overheat
P17953716g,engine_check
i94781425U,engine_check
L-2155385D,engine_overheat
Q21449479D,engine_check
z-1790906x,engine_overheat
C-4338027c,engine_ignition
F13621020y,engine_check
P-1981563m,engine_check
B20284663C,gear_stick
X-5672837D,electro_bug
f-8313064a,engine_overheat
S16867324D,engine_overheat
l81011564d,engine_overheat
T-7878324V,electro_bug
X49290901c,engine_check
N15373595s,engine_check
g-1912309G,gear_stick
G23848056z,engine_check
w-3530598y,engine_overheat
s-4092655x,engine_check
v60921451s,engine_check
A-5309696c,engine_overheat
a21437857o,engine_check
r-2049651S,engine_overheat
c48174687o,engine_check
n57986901A,engine_overheat
J43552505w,engine_overheat
X69815445k,engine_overheat
Y31463755z,gear_stick
C-1846243L,engine_overheat
z10378875g,break_bug
B-1843237q,gear_stick
I-8201538D,gear_stick
k-7853395L,engine_check
H-3154020d,engine_ignition
v11532085a,engine_overheat
o-1004837T,engine_check
E15850759P,gear_stick
S11046237d,engine_check
i19615927E,gear_stick
h24674210l,gear_stick
j-1003273K,engine_overheat
i18120580r,engine_overheat
t35781257E,another_bug
S-7977049s,engine_ignition
H10411834F,engine_overheat
o29701218V,engine_check
E-1304820y,another_bug
V56226787D,engine_check
I-9571675o,engine_overheat
a-1832317K,break_bug
H-9271579x,engine_overheat
H15689477U,engine_ignition
J-8699353u,engine_overheat
S-6497022N,engine_overheat
g11521087z,gear_stick
Q-1114187O,engine_overheat
a-1510716r,engine_overheat
G12673775u,engine_check
V-1604890W,engine_overheat
o-8858693p,gear_stick
F84870593a,engine_ignition
j17532274g,gear_stick
l-1283385g,engine_check
s-2062095H,engine_overheat
X13157100E,electro_bug
h-2273764e,engine_overheat
B-2140476J,engine_overheat
p-8263041e,engine_overheat
Y-1681893d,electro_bug
w-1017091K,gear_stick
M-1236720D,engine_overheat
I-7194770x,engine_check
m13987388S,engine_overheat
w17315089Z,engine_overheat
f-1380237E,engine_overheat
P10499796W,gear_stick
l-1844181l,gear_stick
g13957568L,gear_stick
R-5598576l,engine_overheat
n59321309Q,engine_overheat
R-1193631X,electro_bug
y-2178923H,engine_check
m73284992F,electro_bug
Z-2537370X,engine_overheat
t17276860j,gear_stick
y33047270r,engine_overheat
b-9079908N,gear_stick
q92579907V,engine_overheat
Z94669875T,electro_bug
M86375856k,engine_check
c23067621B,engine_check
L-1838617u,engine_ignition
s-1063517N,engine_check
x-1172003m,gear_stick
Q10654514V,gear_stick
A-3425095J,engine_overheat
F-1854480x,engine_check
C-1953190j,gear_stick
l41267361i,engine_overheat
N90091958O,engine_overheat
z20306091J,gear_stick
F94970727I,engine_overheat
M14830267a,engine_overheat
i-1101173g,gear_stick
l-7821340d,electro_bug
I18827052n,electro_bug
Z14111948t,gear_stick
T17415608q,engine_overheat
R-1068057n,gear_stick
K-8915465U,electro_bug
f-2804472s,another_bug
v-1578970y,engine_overheat
Q14003835G,engine_ignition
W14646068A,engine_overheat
o-1593719v,electro_bug
C-4941408C,another_bug
x-9374675c,gear_stick
l12294446D,engine_overheat
p15777006h,engine_overheat
w-8656872Z,engine_overheat
D66928361D,gear_stick
p-3553707D,another_bug
M10807027o,engine_check
g12484323a,gear_stick
Z-8212382G,electro_bug
u79013135M,engine_overheat
m28011734J,gear_stick
C-2143786U,engine_overheat
x-2141235A,engine_overheat
b44994738S,electro_bug
J44930122W,gear_stick
g32852591N,electro_bug
G85830221c,gear_stick
D10434254T,engine_overheat
R-1143403S,gear_stick
N18887406C,break_bug
v14387491a,engine_check
a87403235S,engine_overheat
I-1075712g,engine_overheat
N-1087986g,engine_check
y-6871732c,engine_overheat
A96730234u,gear_stick
a22064292L,engine_check
j-1774967Z,engine_overheat
T83338145S,engine_ignition
i21617445N,engine_overheat
p-1641833m,engine_overheat
z14656246B,engine_check
G-1211626R,gear_stick
X12788823V,break_bug
c-1552425b,gear_stick
w-2122585e,electro_bug
x11964154C,engine_overheat
t20645918R,engine_ignition
z13283849d,gear_stick
h11730518w,engine_overheat
G19948827y,engine_check
r43274910O,engine_check
e-9096071i,another_bug
d-8576748Q,engine_check
z91796444U,engine_check
F12654866z,electro_bug
w-1757702F,engine_check
b-1234099Q,electro_bug
v21855739r,gear_stick
W-5904057t,engine_ignition
e-9386234g,engine_overheat
Q42074100L,gear_stick
g-4536331j,engine_overheat
o65053979S,engine_check
F-4400642b,engine_ignition
X-2198546w,gear_stick
c11345351C,engine_check
M-4222158J,engine_check
t-8913790b,engine_check
h-1723876L,gear_stick
b11565616J,engine_overheat
s-1143093p,engine_overheat
F-1742867J,another_bug
H-1333142D,engine_check
h-2832462V,engine_fuel
n46152009j,gear_stick
A41423630m,gear_stick
w23811317g,engine_ignition
v-3129503S,engine_check
V-2109665o,gear_stick
i10002840y,gear_stick
A12420027c,engine_overheat
Q-1710310B,gear_stick
k-5059454A,engine_ignition
P78941617w,engine_overheat
X84104929Z,gear_stick
O-5258966R,engine_ignition
W23785130R,gear_stick
k64987032M,engine_overheat
r-1560829H,engine_overheat
O-1114284b,engine_overheat
I-2189520Y,engine_overheat
z73740510r,gear_stick
F-5963184s,engine_ignition
F93749838u,gear_stick
d13287541C,electro_bug
n12600427T,gear_stick
R22962581A,engine_overheat
m14976299n,engine_overheat
K25148748I,engine_fuel
F17991047v,engine_check
U10000525B,engine_overheat
L-5185142t,engine_overheat
E22476230A,engine_overheat
y-1918667p,engine_overheat
m-8421500s,engine_overheat
i-6826693r,engine_overheat
Q-6236402F,engine_check
H13796940X,gear_stick
b12824965u,engine_check
f25057132A,electro_bug
q12615606N,gear_stick
N-2546914l,engine_check
A-9042233M,another_bug
b28088953J,engine_overheat
y12090800r,engine_check
m-3254742y,engine_overheat
T11166103f,gear_stick
B-1904262o,gear_stick
d-1638909M,another_bug
P20002659z,engine_check
O21101068n,engine_check
I-2609382N,engine_check
M18031243d,gear_stick
V81901707h,engine_check
H-1873611C,another_bug
I-4335350O,engine_overheat
a-6685201O,engine_ignition
S68517794A,engine_overheat
a-5655175l,engine_check
v16259071w,engine_overheat
y21090823R,gear_stick
V16991777n,engine_check
E-4001328d,engine_fuel
o-3515102Q,engine_overheat
j49593847v,engine_fuel
m-1140624S,engine_overheat
I96780719P,engine_overheat
W16150857p,engine_overheat
p10336196A,engine_overheat
F-1966393f,engine_ignition
R-5073928i,engine_overheat
i-6078322g,engine_overheat
R-1797279a,engine_overheat
v-1632640v,engine_overheat
b44358202J,engine_check
v21606356V,engine_overheat
a89412563P,engine_check
C14874883N,engine_overheat
j-2557842j,engine_overheat
s-8312774q,engine_ignition
Q83650998M,engine_check
v-1742723N,break_bug
S15039720Y,engine_overheat
X-1387510G,engine_overheat
H-2809672w,engine_overheat
O16507727j,engine_check
I-6505525c,electro_bug
E16516360g,engine_check
r-3744124X,another_bug
E-1660926L,gear_stick
W41114899Y,gear_stick
J-1224401g,engine_check
z-4990028V,electro_bug
S17802902i,engine_overheat
r-5223681u,engine_overheat
y40186666v,electro_bug
X-7894537e,engine_overheat
n18141460t,engine_check
T-1846242d,engine_check
l19641602B,engine_overheat
Q20350184W,engine_fuel
u19545404h,engine_overheat
i-2125059a,gear_stick
u20670898G,electro_bug
E13629887e,engine_overheat
j-8833751a,engine_overheat
l-1270744J,engine_check
a-1444445A,gear_stick
F13923646T,gear_stick
W15387724h,engine_overheat
e10833227Z,engine_overheat
O18707780M,gear_stick
s-1070927u,engine_ignition
f13961290o,gear_stick
I-2258340t,engine_overheat
Y-1108881y,engine_overheat
C-2407162B,engine_check
k-1021806U,engine_check
B58815481j,engine_overheat
Z-1497483y,engine_overheat
m-2038148P,engine_overheat
W20323505Z,engine_overheat
h18172982Y,electro_bug
C-5107111N,another_bug
T11570167i,engine_check
E-2189846g,another_bug
J-9051627R,engine_ignition
k-1266231T,engine_check
e-4843883N,engine_overheat
V19603857b,engine_overheat
a10075304B,engine_overheat
j20806666W,engine_fuel
p13183205N,electro_bug
F-1408164F,engine_fuel
f16848135A,engine_check
m18276402k,gear_stick
O-4852964p,engine_ignition
p-1032774f,engine_overheat
K-2141030h,engine_overheat
x33340734F,engine_overheat
A-5539031E,engine_overheat
K-2121488X,engine_ignition
S-2104296W,another_bug
V-4730687q,engine_check
m-1018494E,engine_overheat
f12953922O,gear_stick
a15606967c,engine_overheat
T-2050577H,engine_check
l21058873t,gear_stick
S54991647N,engine_overheat
O-1778305H,engine_ignition
r-9019459m,engine_fuel
J-1701327Z,gear_stick
W-1085488J,gear_stick
H29930196K,engine_check
t17442755k,electro_bug
N16782443w,engine_check
G83616598P,gear_stick
q-7529997V,engine_overheat
m-2601611a,electro_bug
r69432919t,engine_check
J85546174E,engine_overheat
F-1506247r,gear_stick
Y21723655j,engine_check
Q15261602W,engine_overheat
M11261740O,engine_overheat
K50534665N,engine_check
Y-1015822T,engine_overheat
z-9596926C,engine_overheat
T-8671431r,engine_overheat
R-2077630y,another_bug
I96387228J,gear_stick
z-9815533M,engine_check
I15837837J,engine_ignition
P56763603O,engine_overheat
h-1396839K,another_bug
r-1477676H,engine_overheat
U42030492Z,engine_check
h64108495H,engine_overheat
l-8882948y,engine_ignition
n-8099641m,engine_check
f-1164209J,engine_check
g-2072833K,another_bug
R10631147V,engine_check
d-1627526q,electro_bug
k-2116384m,electro_bug
y12532736D,engine_ignition
S18268647a,engine_check
D-1193769d,gear_stick
z49508882q,engine_check
l13511253d,electro_bug
y11003726G,engine_check
S55044905B,engine_check
q-1419523q,engine_overheat
i12167734p,engine_overheat
n18966581A,gear_stick
s-2225812u,engine_overheat
g99706283N,engine_overheat
k-8065294L,engine_overheat
D-3731198o,electro_bug
R-1511509a,gear_stick
W-1152410B,another_bug
A-6746020J,gear_stick
i62564137B,engine_overheat
V81342356X,break_bug
m70884293y,engine_fuel
T-1440241N,engine_check
J16760665u,engine_overheat
B30016393c,break_bug
n10206436k,engine_check
y15691728a,electro_bug
j-1923026R,electro_bug
p-2070685P,engine_ignition
e22835001P,engine_check
f-2044867Y,gear_stick
Q-1914888q,another_bug
h-2696405T,gear_stick
G-1153171e,engine_check
n-1502387M,engine_ignition
y40441306G,engine_check
B22246797F,engine_overheat
s14991094w,engine_check
a-1190397Y,engine_overheat
i11542071C,engine_check
l-2588047U,electro_bug
Q16201384v,engine_check
w-7781882Z,another_bug
s77766899D,engine_overheat
z-1503313M,engine_overheat
l52568818B,engine_check
v-1508530W,engine_fuel
m13083528W,engine_overheat
z-1243195L,gear_stick
b18857695O,electro_bug
v-1905656K,gear_stick
P-6659279q,another_bug
h13431746I,gear_stick
I71388786G,engine_ignition
R-1701492N,engine_overheat
y78999678J,gear_stick
a-1426275y,gear_stick
L84463953R,engine_overheat
Z-2128621C,engine_overheat
M18466047W,gear_stick
g21645452f,engine_check
o-1663812b,engine_overheat
Q-1984603t,engine_check
q23501901h,electro_bug
d-5544396q,gear_stick
s-7084701f,another_bug
g10084745U,engine_overheat
D-9891385q,gear_stick
D11776354f,engine_overheat
B18579200J,engine_check
X73810314E,gear_stick
s-2223156w,engine_overheat
D82568273x,engine_ignition
k-1107234s,engine_overheat
T-1805505r,engine_overheat
u-5015974t,engine_ignition
t-8201245H,engine_check
X24084222O,gear_stick
K-1916013Q,engine_ignition
J10576054I,engine_check
g21476323Y,engine_overheat
J22595982W,engine_check
d15745111A,engine_check
V20296571Z,gear_stick
t78589983m,gear_stick
R-6055154h,engine_fuel
o-5397363T,engine_fuel
y-1784222v,engine_overheat
S-1513382W,gear_stick
g-5563252F,engine_check
a-1166334r,engine_check
Y21096922W,gear_stick
s10535398K,engine_check
Z-5188222t,gear_stick
T22900577z,gear_stick
i10344980A,engine_check
X-2263190K,engine_ignition
a-2111343W,engine_fuel
k-1183222H,another_bug
x42906942Y,engine_check
m16863308b,engine_overheat
Z10247738u,engine_overheat
i12798082E,another_bug
C91514695x,gear_stick
h61870657i,engine_check
C-8768079q,another_bug
O-7894514e,engine_overheat
Z-1926882U,engine_fuel
N-3121550V,gear_stick
z-1254537O,engine_ignition
u-1514787e,engine_overheat
n-4360079R,engine_overheat
O-2113046Z,engine_overheat
d13819532H,gear_stick
d54261887d,electro_bug
P-2048739B,gear_stick
f-1825133R,another_bug
q-9928373B,another_bug
S29542128Q,engine_overheat
J-1782910O,gear_stick
t17410389g,another_bug
Z17995139Z,engine_fuel
Z11671085y,engine_overheat
D-7723622B,another_bug
N-1539010p,engine_overheat
u54154743P,gear_stick
j16845365O,gear_stick
k-1171716I,engine_check
G81601770L,engine_check
K-3529763Q,break_bug
b-1404013d,gear_stick
O-1398534Y,another_bug
l69679835h,gear_stick
G14568186a,engine_overheat
a-9442555A,gear_stick
G-1689492g,engine_overheat
W12690163c,engine_check
l17843143j,engine_check
Z76981204Y,engine_ignition
b16524531u,engine_check
P83526152o,engine_overheat
z-4612131R,engine_overheat
s50463458T,engine_check
u12928592s,engine_overheat
U-1897169L,electro_bug
j-1549044A,engine_overheat
Q87875664U,engine_check
q13885185m,gear_stick
C16715520C,engine_overheat
T-1727751h,gear_stick
m27082215N,engine_ignition
e-8788520s,engine_overheat
v36899226P,another_bug
Y-2254716H,another_bug
D-3425990U,gear_stick
b-1050475p,gear_stick
w-1941558Q,engine_overheat
d-1134540I,engine_overheat
K30520180u,engine_overheat
q71640430n,engine_overheat
y10948537e,gear_stick
a16152476X,gear_stick
F-7462902B,engine_overheat
t-3967937s,another_bug
o-1118236T,engine_overheat
g-1760425A,engine_fuel
b-5227653R,engine_overheat
h-7408890w,another_bug
K70391511e,engine_overheat
V13438854p,engine_overheat
g-1740147b,engine_check
J-1324072f,another_bug
g53382924v,gear_stick
x33005281c,engine_check
e24148786o,another_bug
I-1503695V,engine_overheat
E58388206y,engine_check
y13484815Y,gear_stick
R-2027359R,another_bug
Z17729553x,electro_bug
H-1512213s,engine_overheat
V-1552956h,engine_fuel
H15345413o,gear_stick
w17370680J,engine_overheat
J15476551r,engine_check
c-2250495g,engine_check
Z17599412A,engine_overheat
v57643253w,engine_overheat
V-5494479D,another_bug
g-1126074r,engine_ignition
Z80579540o,gear_stick
c-7272329q,electro_bug
z21450941n,gear_stick
k-2034944s,electro_bug
B-1760099A,engine_overheat
a61936474Y,engine_overheat
k86159975d,electro_bug
A10692422a,gear_stick
r11362699a,another_bug
B-5479705C,engine_check
I98930031r,engine_overheat
Z-1084098i,another_bug
b55045663j,gear_stick
h10096493s,engine_check
n13675758u,engine_fuel
v-1469151Y,another_bug
R21100020a,engine_check
H-1226800z,gear_stick
l13980749p,engine_check
D-1518430R,engine_overheat
h13825532e,engine_check
Q18803510e,gear_stick
w69467024a,gear_stick
a16149566K,electro_bug
R10923215L,gear_stick
H15481815Q,engine_check
C-5040526N,engine_ignition
m-2182440Q,electro_bug
P-4006382C,break_bug
Y-2235574M,engine_overheat
H-1070903M,gear_stick
w16163650F,engine_overheat
I21674635Q,engine_check
Q-4587219M,electro_bug
N10540578u,engine_ignition
w-9916167W,engine_check
g-1742741c,gear_stick
n-1575803E,engine_overheat
N31059484x,engine_overheat
H-1342764P,another_bug
X58767632q,engine_overheat
S20355997J,engine_check
q30806358i,engine_check
W-1775855Q,engine_overheat
j92079780S,electro_bug
f63189062N,gear_stick
x-1205366S,engine_check
H-1902314v,break_bug
f10226409O,engine_check
Q-4235244W,another_bug
P-1715787u,engine_check
x-1532496K,engine_overheat
s-1076835x,engine_check
m76785981z,engine_check
u-3215458S,electro_bug
H-1919071i,engine_check
p-1139197T,gear_stick
R95310344Y,engine_overheat
e22646530u,engine_check
o49311084b,gear_stick
x99598782E,engine_check
Q-8465743r,engine_fuel
K13600113i,engine_check
x55379265k,electro_bug
F-1518753o,another_bug
e-2020384H,engine_check
n-4605215n,engine_fuel
q-4584627S,engine_overheat
O78712164p,gear_stick
j-1598707G,another_bug
d-1282472g,break_bug
h-2287342p,engine_ignition
s-7266626x,electro_bug
z-2843006O,gear_stick
m21557315K,engine_overheat
j18870600U,engine_overheat
H-7836096t,gear_stick
k19151173f,engine_overheat
g-1280182Z,gear_stick
d-6211776r,engine_overheat
u-1590555V,engine_overheat
c-1204255L,engine_check
f-8810014g,gear_stick
S11009197l,engine_check
g-2087791I,another_bug
V12754137r,engine_check
T-1769393Z,gear_stick
I-1117298r,gear_stick
P90790412Q,engine_check
c-7401486X,engine_overheat
A21009715v,engine_overheat
P94512494l,engine_check
J58385372M,engine_check
z11059333N,engine_overheat
r13675823Y,engine_ignition
O23192334Z,another_bug
h72663703o,gear_stick
u39852752H,gear_stick
y75359172F,engine_check
C63413357V,break_bug
H-2218041i,electro_bug
S12392431C,engine_overheat
c10273234z,engine_overheat
J-1675931Y,engine_overheat
r15326588O,engine_check
O22786315O,engine_overheat
M14034762V,engine_overheat
d-8796835F,another_bug
L-1687146I,engine_overheat
a16452738i,engine_overheat
e-1589877h,electro_bug
w-2228220D,engine_overheat
v73920097R,engine_overheat
B10305712m,engine_check
w17382345v,engine_check
h86663077a,engine_overheat
d-1261412O,engine_overheat
N-3542587r,engine_overheat
q-1127410X,gear_stick
m-1248909g,engine_overheat
Z-1350437Z,engine_overheat
G-7472388v,break_bug
K18306053r,engine_ignition
t-1389922J,gear_stick
w13418612e,engine_overheat
d11818528X,gear_stick
v-4393931r,engine_overheat
a15124892o,engine_check
l36861534V,engine_check
P21146775A,electro_bug
B-8559176x,electro_bug
s-1233979x,gear_stick
N50018445X,engine_fuel
E-4220998I,engine_overheat
D28621238x,engine_overheat
r35592741h,engine_overheat
S-2179649Y,gear_stick
H-1135423y,engine_check
J97849965O,gear_stick
W21048865S,engine_ignition
P10539613v,gear_stick
r-6268123s,engine_check
A19893808P,engine_check
c12458019K,gear_stick
r16624906R,gear_stick
s-1701601T,engine_check
l-2073691v,engine_overheat
s-1227750Q,engine_overheat
n-1588210t,engine_check
L-1950271Y,engine_check
L45819441T,engine_fuel
X-1102199i,another_bug
Y42307620l,engine_overheat
c11493622d,engine_overheat
s74743326E,engine_check
v92032706J,engine_ignition
l40017744S,gear_stick
F-1561156R,engine_check
F-3458483b,another_bug
Q-1573004E,engine_overheat
I18762244f,engine_check
x61993910W,engine_ignition
f70384121H,engine_check
b34607341j,engine_overheat
s-1544537d,another_bug
T-2651777L,engine_check
Z-1690934p,engine_overheat
z-1383208d,gear_stick
F-2091675H,electro_bug
p-1026598C,engine_overheat
C-5229733d,gear_stick
t-5863497D,break_bug
F14893199L,engine_overheat
E-9761828K,gear_stick
r-3626163O,break_bug
D-1975819d,gear_stick
n86645963R,engine_check
I-6482386t,gear_stick
z11959313t,engine_overheat
d19312186N,engine_overheat
C11156821F,engine_overheat
z19283639B,gear_stick
D-1246382Y,gear_stick
D14445025c,another_bug
j25666218Y,engine_overheat
E13352088w,engine_check
v44596260Q,engine_check
c13976633o,engine_overheat
z16908407t,engine_check
P15083043i,gear_stick
p-7727399o,engine_ignition
W-8604738y,engine_overheat
J22352968u,electro_bug
G-7187279a,gear_stick
G-1183057B,another_bug
E-1556800P,engine_fuel
N16753727A,gear_stick
U-1860241R,engine_ignition
f92515288W,break_bug
q-1553054h,engine_check
d-1766392g,electro_bug
z-9268730t,gear_stick
D-1137759f,electro_bug
Z22301798u,break_bug
d-2160500k,engine_check
f80644426f,engine_check
u-1069219e,engine_check
V70870192k,engine_overheat
M15122410M,engine_check
F19935095V,engine_overheat
m92437987f,electro_bug
o-1720442f,engine_overheat
Q-2043032T,gear_stick
k15728070F,engine_overheat
i-4298300y,engine_overheat
C-1549576C,engine_ignition
w-8322851c,engine_ignition
H-2195683Y,engine_overheat
b20675115I,engine_overheat
w14143210k,engine_check
s17437438h,gear_stick
Q12901548n,electro_bug
I23394317X,engine_check
S10630331i,engine_overheat
N15239751A,engine_overheat
t11482362Y,engine_check
c-1160907G,engine_overheat
t17520024W,engine_overheat
G16918724z,engine_check
T-5518367u,engine_fuel
K-2047259i,gear_stick
e-2894582l,another_bug
u-6774973B,gear_stick
U-1642617V,electro_bug
Z19453799u,gear_stick
V80070476Q,gear_stick
L-1777501Y,engine_check
M-3275863u,engine_check
D-1131723O,engine_overheat
s12292138c,break_bug
d-2073713s,engine_overheat
U-1440005A,engine_overheat
D17587481H,engine_check
O-2089662s,engine_overheat
l-1247871G,another_bug
Q48397067x,engine_check
G18135304s,gear_stick
s52741082h,electro_bug
R37055375H,engine_ignition
t-1505206e,engine_overheat
m-7073285w,electro_bug
e-1963742G,another_bug
R41701461o,gear_stick
P-1572930P,engine_check
m19821763X,engine_overheat
D-5247175p,another_bug
I-4491426o,engine_overheat
c-5796367L,engine_ignition
D68676642F,engine_overheat
B87840170Y,engine_overheat
E-1074824O,engine_ignition
L-2105285X,engine_check
A18722372t,gear_stick
t-1655791x,engine_overheat
R26898137t,engine_check
x73165245L,engine_overheat
H10144433Z,engine_overheat
o-9460824A,gear_stick
h-4056890V,engine_check
S71464104w,gear_stick
Q-3414660J,engine_overheat
D24219627Y,engine_check
g-5564720R,engine_overheat
g-5327257o,engine_overheat
z16965935R,engine_fuel
W-5886969z,gear_stick
Y61608416T,another_bug
H-5193657t,engine_ignition
r14798824O,engine_check
q-1329704C,engine_ignition
W-1162613s,break_bug
q-1451412w,engine_check
s10825773A,another_bug
W-1322764B,engine_ignition
C-1335407d,engine_check
Q-1854633d,another_bug
j12033464t,electro_bug
x-1653730E,electro_bug
L-1459492G,engine_overheat
A18622071d,engine_ignition
G12921056E,electro_bug
M17587699m,engine_ignition
H11201074S,engine_overheat
g61901962A,engine_check
W-3006427Z,break_bug
f21354327c,gear_stick
L-1435343R,gear_stick
K-9089430v,engine_ignition
u89834900L,engine_overheat
K-6843993d,engine_check
g19283665q,gear_stick
V21055732W,engine_check
L20847256I,engine_check
K20941520F,engine_overheat
s-1506268E,engine_check
s13306845G,gear_stick
t14118502r,engine_overheat
l-1141377S,electro_bug
M63300651V,engine_overheat
O-1741687v,engine_fuel
J-1064181u,engine_check
R-2596313V,engine_overheat
i-1845254S,another_bug
k-1573458g,engine_overheat
Q-7165920T,gear_stick
K-7253573V,gear_stick
u-2045579o,engine_overheat
o-7174642t,gear_stick
W38257448E,engine_overheat
R15758843A,engine_check
j-1164533d,another_bug
K19878738u,gear_stick
F-1356357a,engine_overheat
s18773736B,engine_fuel
f-2195380L,engine_overheat
I16894729d,engine_overheat
x73377373J,gear_stick
A13983367R,engine_fuel
W90386436H,gear_stick
d-1208731e,electro_bug
E10689597V,engine_check
e18535481H,engine_check
C-1401160X,gear_stick
D-8642892Q,engine_overheat
y-9607515v,engine_overheat
R39433396K,engine_overheat
o14616394R,engine_overheat
r21184266q,engine_overheat
f21015538f,engine_check
j18832518Q,engine_overheat
m73046504n,engine_overheat
B-9791729R,engine_overheat
k13021113b,electro_bug
G89078774t,engine_check
r-1060256J,engine_ignition
F-1410401k,break_bug
S12437589H,engine_overheat
o-1474795Y,engine_fuel
v-6600194g,another_bug
e69316734g,engine_ignition
F14045081A,engine_check
p-2049920L,engine_overheat
Z-4995244V,engine_overheat
Q28342682U,engine_overheat
i20932780E,engine_ignition
T-3474422m,engine_overheat
A-2251370Z,another_bug
a13118905A,engine_ignition
o-5518912i,engine_check
r13112137S,engine_overheat
L-1172603K,engine_overheat
F15323913w,gear_stick
b41466140L,gear_stick
H-1126826u,another_bug
S80787227y,gear_stick
g62902770K,engine_overheat
c21339742C,gear_stick
o-8291576Q,gear_stick
A16177147F,gear_stick
V-7911017W,another_bug
I12484436u,gear_stick
u-2985309w,engine_overheat
i-7675958l,engine_ignition
Z-2003336X,gear_stick
R17548053Q,engine_ignition
T-3625019V,electro_bug
G58798171H,engine_check
X14239142s,gear_stick
W-1663352r,engine_overheat
R10053414j,electro_bug
E11344405c,engine_check
E41968356d,engine_overheat
n-1774226C,another_bug
v50135109z,engine_overheat
v-2502243y,engine_overheat
k81607148Q,gear_stick
y-1159389K,engine_overheat
Z-9551096Z,break_bug
z73398830W,engine_check
S-2180379V,engine_ignition
Y19585916c,gear_stick
F-1772949E,engine_overheat
N-4056140F,engine_overheat
M20457206h,engine_overheat
f-2054559Z,engine_overheat
C-1947908i,engine_overheat
Z-1004053E,gear_stick
E16706596Y,engine_check
L-1236498L,engine_overheat
M21428480q,engine_overheat
g34212838O,engine_ignition
i77678921h,electro_bug
s-1993335Q,engine_overheat
w-1217800P,break_bug
m-4445026W,gear_stick
w-1020644b,electro_bug
r-1878207s,engine_check
S-2803516o,another_bug
g31689700a,gear_stick
L-3828198a,engine_check
p-2023967W,engine_overheat
R93384932a,engine_check
o27482006r,engine_overheat
o69465373z,engine_ignition
x-2214584G,electro_bug
F16677411t,engine_ignition
B-8278342d,electro_bug
w14795716n,engine_overheat
q21418139n,engine_overheat
k58875945X,engine_overheat
E10178721V,engine_check
y54427123h,engine_overheat
N-1116467g,gear_stick
L-1098436W,engine_overheat
K15170901N,engine_check
y-1741356P,engine_overheat
z-4349749h,break_bug
y-6566782r,engine_check
T-1729770o,engine_fuel
V-8483576f,engine_overheat
a39440404D,engine_overheat
i51467047f,engine_fuel
H-1369852D,engine_overheat
M-9668613M,another_bug
q-1575533Y,gear_stick
F-2122411I,engine_ignition
c-2121060b,break_bug
H22186863I,engine_overheat
d68073068W,gear_stick
D-7066589I,engine_ignition
o11670334e,engine_check
G-1501141U,engine_overheat
x-6577654c,engine_overheat
i22784686n,engine_check
Q36627447o,engine_ignition
a-2079734V,engine_overheat
P17112537M,engine_overheat
I-2947258i,engine_overheat
d-7058280z,engine_overheat
V-6734711I,another_bug
x16070571D,engine_ignition
A99628604w,electro_bug
c-3559292Z,another_bug
D-1642232Y,engine_overheat
H-2177827U,engine_overheat
t43860654e,engine_overheat
O-2567044a,gear_stick
y-1456481W,engine_check
F-1311521c,engine_ignition
W-1338521Q,another_bug
S21521405j,gear_stick
j-9167677u,engine_ignition
E22045798o,engine_check
i15589390k,engine_overheat
l15227760Q,engine_overheat
h-6100646F,gear_stick
L-2071083z,engine_overheat
Q-1583701a,engine_overheat
J-1966936j,electro_bug
p97277001v,engine_overheat
A-1959167m,engine_overheat
b-1232634R,engine_check
C14499779J,engine_overheat
A-1900042l,engine_overheat
D47614465T,engine_overheat
i55328849i,engine_check
L14501903b,engine_overheat
U61603538T,gear_stick
Z-2000448T,engine_overheat
V21733186R,engine_overheat
x38176093d,engine_overheat
S-1872523D,engine_overheat
U-9105241l,engine_overheat
d-1067020V,engine_ignition
T13652201h,gear_stick
v83124010d,engine_check
c-5320374q,electro_bug
P-5877829p,engine_fuel
K-4097683X,engine_ignition
X73607704q,engine_overheat
d-1645612W,gear_stick
M-1949772G,gear_stick
d-9809366C,engine_check
v-9133799l,engine_check
j16496771g,gear_stick
p98074932P,engine_check
G-1685085q,engine_overheat
L-1156474z,engine_overheat
n-7286817N,engine_overheat
G17139758L,engine_overheat
M-4377864u,break_bug
u10884582m,engine_overheat
c-1819930r,engine_overheat
I-1016418u,gear_stick
f-8509753a,engine_overheat
f10270915c,engine_check
I50788104J,engine_overheat
m-1618295c,engine_fuel
Q11656086H,gear_stick
b17685766M,electro_bug
n19528133d,engine_overheat
I-2222955D,engine_check
U14909638n,engine_overheat
P19518709T,engine_overheat
V-1888434u,engine_overheat
R53321573r,engine_check
U12552466o,another_bug
m21172670I,engine_overheat
d71004474f,gear_stick
n-6003131B,engine_overheat
w45505269O,engine_check
v22456431E,engine_check
D20302252H,engine_check
E-1789284H,engine_check
F21755120L,engine_overheat
y-2096513h,engine_check
X38064587K,engine_overheat
j36860430F,engine_check
M-1188559U,another_bug
M-1057522s,another_bug
r-1767573M,another_bug
N-2165696F,engine_ignition
l-9002229j,engine_overheat
Q13796033u,engine_check
E20487110v,electro_bug
U54007251T,gear_stick
k-1001578G,engine_check
m-1316228Q,gear_stick
x38424933t,electro_bug
z42577454j,engine_overheat
h15726678G,engine_check
J-2100035F,electro_bug
u12997600r,electro_bug
G-1444514J,another_bug
r80685540h,gear_stick
i-2886682y,gear_stick
U12958604d,gear_stick
Q-2285147y,engine_check
d-5980296U,engine_overheat
r-5694899j,another_bug
y-3995748C,engine_overheat
H-1417790G,engine_overheat
h66072023A,electro_bug
m-8844106y,engine_ignition
V-3922506p,engine_ignition
P-7215920v,engine_overheat
v-1334609Q,engine_ignition
y-2901647k,gear_stick
P41449662O,gear_stick
N17048798L,engine_check
o-3239309x,engine_check
f-4517248O,engine_overheat
i20236215k,engine_overheat
c-1909821W,another_bug
S-1058341S,another_bug
Q27397166k,another_bug
m-2234361C,break_bug
y-1310937L,engine_overheat
h11115340f,engine_check
C-2095125S,engine_overheat
H-1012725h,engine_fuel
A-5953942h,engine_check
b-5677746H,engine_overheat
b-2174248s,another_bug
J-1468143m,gear_stick
d-1590616X,gear_stick
A-2010794j,engine_check
S10025512H,engine_overheat
F62717656N,engine_overheat
Q-9015964Z,engine_check
e60616052a,gear_stick
O-1094429s,break_bug
G-3730407g,break_bug
W17258092O,gear_stick
Z-8046890f,break_bug
C-1531638p,gear_stick
b16129006F,gear_stick
O20309077v,engine_check
G-1150322W,engine_overheat
v-1523714V,another_bug
m41491349u,gear_stick
N-2592617I,gear_stick
b15147844G,engine_check
J-1119809Z,engine_ignition
x13343580w,electro_bug
R88463379h,engine_check
w-5790710u,another_bug
w20420004F,engine_check
J-9110297t,break_bug
E15110775p,engine_overheat
j-8044553g,engine_overheat
F16044963S,engine_check
R91630921n,engine_check
A-3836077o,engine_ignition
s-2202835E,engine_ignition
O-2222377Z,another_bug
s22484554J,electro_bug
D88984934M,engine_ignition
X19668940Y,gear_stick
D-1808806N,another_bug
j18586699W,engine_overheat
H69080088J,gear_stick
n12252517h,engine_check
i-1711813H,engine_ignition
S10721675C,gear_stick
X-2170601O,gear_stick
i97387429H,engine_ignition
d22008645E,engine_check
n-3455333h,engine_overheat
B23739608U,engine_check
F-4198459W,engine_ignition
B-4284440k,electro_bug
G-6904316x,engine_check
N-1095600Q,electro_bug
D-1029823M,another_bug
d88026009F,engine_check
P-1279354K,engine_check
S-2221955m,gear_stick
U-2195930Q,gear_stick
L-1748371J,engine_overheat
C-1092574s,engine_overheat
x78336615j,engine_overheat
d22823530e,gear_stick
f-5599112Q,engine_ignition
w12601279c,engine_fuel
O12999011Q,engine_check
D39654489v,engine_check
G-1119002U,another_bug
x-1331259n,gear_stick
x-1366202T,gear_stick
e22337672e,engine_overheat
h11974580h,engine_check
b-1924728p,engine_overheat
t-8150753L,gear_stick
i16707497b,engine_fuel
d40778348c,engine_check
x-6745292f,electro_bug
Q-1197469B,engine_overheat
y19339480p,another_bug
E-1574398v,gear_stick
F-1541843G,gear_stick
J-1898029b,gear_stick
i-2267354V,engine_check
z-1706928C,engine_overheat
h16480906Q,engine_overheat
b20875811r,engine_overheat
g57509660G,engine_ignition
i10233407e,engine_check
b-1633141B,engine_overheat
r44343477P,engine_ignition
X10140728m,electro_bug
u60678999S,another_bug
X66836862t,engine_overheat
r-2626717n,break_bug
l25990633r,electro_bug
o16159959N,gear_stick
P-8366433v,engine_overheat
D-1742188V,gear_stick
q15163647k,gear_stick
m-1582917S,another_bug
u15259964F,gear_stick
M-1332669r,engine_overheat
F-2033009p,engine_check
w15256527O,engine_overheat
v-2214221g,another_bug
u-8176531i,engine_overheat
B44546931a,engine_fuel
C-3329059P,gear_stick
z48466812V,engine_check
N91717170a,engine_ignition
h10197943p,engine_check
f-1804114y,engine_overheat
y65839268d,gear_stick
s20690018N,gear_stick
Z16406378j,gear_stick
r-6401544e,engine_overheat
A74571031O,engine_check
I-1022513U,electro_bug
M-1528828l,electro_bug
w-5395626f,break_bug
U15424894F,electro_bug
X-1521550g,gear_stick
b-1756095Y,electro_bug
S-4942615g,gear_stick
a-1170299l,engine_overheat
W20898223q,gear_stick
u13780325P,engine_overheat
q35175771e,engine_check
K81291347a,engine_overheat
G15557106t,engine_check
y21647488o,gear_stick
O-2154805o,engine_overheat
D11355691L,engine_check
t60412618s,engine_check
M15952724y,gear_stick
k24372320c,engine_check
J16859061o,engine_overheat
M11049568F,engine_overheat
z11525648X,engine_ignition
u41400760y,gear_stick
V48666541E,engine_check
t-1305628R,gear_stick
F20989471t,electro_bug
G19704655v,gear_stick
h-1084715m,engine_ignition
X13848460A,gear_stick
H49107775b,engine_check
V-2127600s,gear_stick
M-2221760V,electro_bug
w-2040826k,electro_bug
Z15550264W,engine_check
b-8727186X,gear_stick
g10838650B,engine_check
d19534101p,engine_overheat
j-8523085j,another_bug
Y-2259833v,engine_overheat
y40076926G,electro_bug
m21197630U,engine_overheat
J-9282883I,another_bug
y-1593526o,engine_check
R18548797W,engine_overheat
M78454309n,engine_check
H-1952766q,engine_overheat
O-7318695N,engine_overheat
Z-1382353b,electro_bug
y33995729F,electro_bug
A-1931285c,gear_stick
b-4023465w,engine_overheat
y28247093F,engine_check
b-2099867z,engine_overheat
N13810671e,engine_overheat
M-1208274P,electro_bug
E94491875l,engine_overheat
p14296940a,gear_stick
e-5032325d,gear_stick
f-2278644T,engine_overheat
N-1449511Y,engine_overheat
R72473068v,gear_stick
K15727484r,engine_fuel
x-1530392k,engine_check
m14032324U,engine_overheat
o-3502321X,engine_overheat
M-9369867A,gear_stick
e-1176726O,engine_overheat
F-8971471f,engine_check
w16001206y,gear_stick
T24942626H,gear_stick
Z-9250568A,engine_overheat
R20946794F,engine_overheat
y-3708778R,gear_stick
d-7461024X,engine_overheat
r-1304067j,engine_overheat
M-1727464u,engine_check
X12353297J,engine_check
t19399198h,engine_check
a-2221133L,engine_overheat
n15134422D,engine_fuel
e-1041702t,another_bug
Q-1108615n,engine_check
r67742622z,engine_ignition
Y77630283F,gear_stick
I-8740476B,electro_bug
f12831819d,engine_ignition
y-2117938S,engine_overheat
X13552128w,electro_bug
m89915934c,gear_stick
u12923191V,engine_check
g64040787A,engine_overheat
B53432209f,engine_check
Q18090458O,gear_stick
v11087640F,engine_check
s-1018199L,engine_overheat
T15119744o,engine_overheat
E-2442116D,electro_bug
l93168360C,engine_check
Q52925581k,engine_check
k11571129f,gear_stick
K18787489X,engine_overheat
i17417440r,engine_overheat
H-9338402M,engine_check
e18576123A,electro_bug
L93331905w,engine_overheat
G18790404J,engine_overheat
H19063606t,engine_check
A82111385d,gear_stick
l96257336G,gear_stick
c31569057o,engine_overheat
O-2283230Y,another_bug
B-6097000E,electro_bug
s-8423183t,engine_overheat
p16672632d,engine_overheat
J11698270E,engine_check
G22172959I,engine_overheat
I21909345v,engine_check
m13540768n,engine_check
N-2047707A,gear_stick
q15473703P,engine_check
b28091206k,engine_check
d-2060227V,engine_overheat
D23788223O,engine_check
k-1947529W,gear_stick
b-9715554C,engine_overheat
q-5271670J,break_bug
u12970971g,engine_overheat
n-6059768d,engine_overheat
L22185348p,gear_stick
O13331241u,electro_bug
L16141312N,engine_check
W38697890A,engine_overheat
u-2120761B,another_bug
c66464279D,gear_stick
e13156563s,engine_check
T42238184L,gear_stick
D-1336442P,engine_ignition
E-5337479S,gear_stick
X95516419Q,gear_stick
H-2355000g,electro_bug
s-5301854b,engine_check
u-2940182P,engine_check
G-9079594w,engine_overheat
Z20606311h,gear_stick
t-6922750L,another_bug
Q21391218q,engine_check
u12977186v,electro_bug
h13802624r,engine_overheat
I-1538597J,another_bug
X11025811v,gear_stick
S-2294339s,engine_check
g13118176m,gear_stick
S21991071M,engine_check
L10129399Y,engine_overheat
Z13161380J,engine_check
J-6052671x,another_bug
e11908473n,engine_overheat
U-1131662Q,engine_check
h54754410l,engine_overheat
w68053735H,engine_check
A31292617m,engine_check
V45384349q,electro_bug
k-1087627k,engine_overheat
Q-1888317Y,engine_overheat
Q-1456372K,engine_check
S19572879o,gear_stick
j13287780b,engine_check
X-1427883w,engine_ignition
t12980699M,engine_check
K-9081250O,engine_overheat
N96928373A,gear_stick
r19349335d,engine_check
D22898421E,electro_bug
A-7650056Z,engine_fuel
B-1572757V,engine_ignition
D11212854M,engine_overheat
H62136397R,engine_check
n16749457W,engine_check
c-1411220k,engine_check
g-8950344h,engine_overheat
g28465883Y,engine_overheat
O-3470382z,gear_stick
C-7657933N,engine_ignition
n-7904705X,engine_check
E-2002668A,engine_overheat
E15401424s,engine_overheat
Q-1558145Z,engine_ignition
j-1474542d,gear_stick
J51767292L,gear_stick
M-1609284U,engine_overheat
O32025767k,electro_bug
G-4998152Q,engine_check
d-8684879I,break_bug
c11762411c,engine_overheat
T61957630q,engine_overheat
e-1246632H,engine_check
a96529450S,engine_ignition
m-1300432a,engine_check
H-1232380o,another_bug
U18643336W,gear_stick
E42133174Y,engine_fuel
N-2173692X,engine_ignition
O15299283X,electro_bug
Y11513708Q,engine_overheat
I14426935X,engine_overheat
L-1576450f,electro_bug
L-2066997I,another_bug
g20198311v,engine_check
K-1750463c,electro_bug
A48818516t,engine_overheat
b12102660G,engine_overheat
C-1721101w,gear_stick
L21617225g,engine_overheat
y18690561q,engine_overheat
Z-2044688T,engine_overheat
w-3300489y,break_bug
o43682483i,gear_stick
p-2177230P,engine_overheat
d53962651M,electro_bug
h-1079130a,engine_check
d-1063018h,another_bug
e12616376T,engine_overheat
g-1997866b,another_bug
p22351271i,gear_stick
s18801959g,break_bug
W-1146682H,engine_overheat
Y21010106g,gear_stick
N-1493098E,engine_overheat
a16757494v,engine_ignition
L31333870v,gear_stick
O-1116026m,another_bug
a-1327017v,another_bug
J32481265i,gear_stick
u-7465003y,gear_stick
C-8282660x,break_bug
z-1194508g,engine_overheat
M17131119X,engine_overheat
A16430015I,engine_ignition
T21560454W,engine_overheat
d-5044364D,engine_check
A-4567027H,gear_stick
l14731037p,electro_bug
j21216284z,engine_overheat
w18663416B,engine_check
N-1067764s,engine_ignition
a96316507d,engine_ignition
Q-2863519f,engine_overheat
R-4412745F,electro_bug
w-2100178z,engine_overheat
N12140841u,engine_check
v-2217035r,engine_ignition
j22675199u,engine_overheat
Y-2060323c,another_bug
H-9946877t,engine_overheat
V24408620j,engine_overheat
D20994817l,engine_overheat
d-5916656a,break_bug
r-1888435Q,engine_ignition
s-8011046y,engine_check
l-8338225N,another_bug
N17651234L,engine_check
t-1660621F,electro_bug
A-4300243z,gear_stick
Q-1531120K,engine_overheat
b14483061v,engine_overheat
p13496102g,engine_check
f-3084055k,another_bug
b-7106735g,engine_overheat
B-5818398M,gear_stick
k-6134216L,engine_ignition
q-8983496T,engine_ignition
c21152319h,engine_overheat
u22537189s,engine_check
S42898575W,gear_stick
u-2592615u,engine_check
U15973213W,engine_overheat
a-1555492o,engine_overheat
T17948597q,engine_check
K-1596430s,engine_overheat
t70806905i,gear_stick
Q-8927952V,engine_overheat
b-1699417D,engine_overheat
l-1528999M,engine_fuel
i-1075099j,another_bug
g-1203735u,break_bug
N68342352J,engine_check
t19684834s,engine_check
P28960538x,engine_overheat
k70721764Z,engine_overheat
P35164993z,electro_bug
v-1084231t,another_bug
P62164543W,engine_overheat
V-1603027E,gear_stick
r-3939023a,another_bug
D-1008484E,engine_overheat
Q-2192864t,gear_stick
m97152459x,engine_check
n79502261g,engine_check
I-1934004o,electro_bug
w-8712305w,engine_overheat
t19569988O,engine_overheat
w-6743502g,engine_fuel
e17224457A,engine_overheat
N25093826z,engine_check
k53344668C,engine_overheat
c18837598f,engine_overheat
o55235221X,engine_overheat
x83440968Q,engine_overheat
a-2129214S,another_bug
O16337155M,electro_bug
o-1780770o,engine_ignition
O-1008421H,engine_overheat
a33313854t,engine_check
M45840955U,engine_check
q22701640I,engine_overheat
J-2186173q,engine_overheat
T-9875021z,gear_stick
B16049866X,engine_check
i19613288g,engine_ignition
P52156891U,engine_check
q-1768505B,engine_ignition
D-1867285e,engine_overheat
l-2092770w,engine_overheat
Z15287780R,gear_stick
O18471034K,engine_overheat
p20324322c,gear_stick
p-8776685b,another_bug
A12568692Y,engine_ignition
G62487539y,gear_stick
y-7520188c,gear_stick
U-3855489z,engine_ignition
j47796305l,gear_stick
S-6466908z,engine_ignition
Z-2472770a,engine_overheat
B72054123K,engine_check
P63973841b,engine_overheat
u95341442h,engine_check
z-5617263I,engine_overheat
s-1440522g,electro_bug
w-1350890O,electro_bug
b-1785569X,engine_check
N17581389s,engine_overheat
Z-6866329f,gear_stick
a15357539b,gear_stick
y-1168665M,another_bug
X-1688379x,engine_overheat
Z73577393A,electro_bug
r-1140095D,engine_ignition
k17692433t,gear_stick
a-2924229p,engine_overheat
I19994305a,gear_stick
R16189354h,engine_check
f61508634I,engine_overheat
S56454866u,gear_stick
u-2542978x,engine_overheat
p36642359W,electro_bug
z22596029p,engine_overheat
j13578702a,engine_overheat
m41690051B,gear_stick
C-1990447o,engine_overheat
f17350995b,engine_check
A13722291q,gear_stick
c-8926473m,gear_stick
R-1161362E,engine_overheat
E-1829228V,gear_stick
f-1106666p,engine_overheat
B-1345652W,another_bug
e-3819053E,break_bug
H12470081t,gear_stick
Y-2395041a,engine_overheat
m-6830168g,engine_check
n-1048550o,break_bug
p-4620845q,gear_stick
z-1908457z,engine_overheat
r11798594T,engine_check
n-1078109P,engine_overheat
g21697086z,gear_stick
i-3020701S,gear_stick
B51449710T,engine_check
G17715538Y,gear_stick
d85134463X,engine_check
M-5383474I,engine_overheat
u79799419P,engine_check
h20236568A,engine_overheat
Q-1319605b,gear_stick
d-1613102p,gear_stick
S41123157J,engine_overheat
x-1174319N,engine_ignition
V-1073406u,gear_stick
V21379614l,engine_check
z-3747302L,electro_bug
y-2605432W,engine_overheat
g21854185N,engine_check
E98324062j,electro_bug
Y97110971P,engine_overheat
X-3262812p,engine_overheat
H-1041344f,gear_stick
c96102825T,electro_bug
F-8514150E,engine_check
n14484446O,electro_bug
H72378904z,engine_check
U22558213g,gear_stick
e-1228757n,engine_check
L-5297416Y,engine_fuel
j-1143057h,engine_overheat
p-1573015A,another_bug
U65662686c,engine_overheat
S-4820484y,engine_overheat
g-8761468w,break_bug
Q-6145494U,engine_check
W10708735F,gear_stick
p17325319H,engine_overheat
F-1510394i,engine_overheat
C58608888l,engine_check
d-2253716j,gear_stick
x16453445a,gear_stick
I66859230r,engine_overheat
P64817824s,engine_fuel
g-1168593W,engine_ignition
K22750834U,engine_overheat
I-1242074u,engine_check
F-3351081U,engine_check
F19447831G,engine_check
s-1689007T,another_bug
k10152000a,engine_overheat
H12617664T,gear_stick
t-1064471J,engine_check
t-2197360k,another_bug
d-2120346e,engine_overheat
O-1642949k,electro_bug
Q53125922U,engine_overheat
b-1461155F,gear_stick
Q39818857Y,engine_overheat
r62935175h,gear_stick
W-6196754y,engine_overheat
g28641563H,engine_check
j11454423o,engine_overheat
F-1666827W,engine_overheat
A21999620z,engine_check
c75592211G,gear_stick
L-1701832m,another_bug
k18648690J,electro_bug
h-1998519z,engine_overheat
U-6212557F,engine_check
e-2299648Q,engine_ignition
s-1139976I,another_bug
K-8425830Q,another_bug
d22617101F,engine_overheat
D17905231R,engine_overheat
u13437959M,engine_ignition
Z-9946732U,gear_stick
K-1500884y,break_bug
c-1794298L,another_bug
M15430763y,engine_overheat
p-1264204Z,another_bug
U38299579G,engine_check
c56523775V,engine_overheat
T38194151F,engine_check
m-3164602H,gear_stick
n-1234064Z,engine_overheat
J-1156067J,electro_bug
f-6526492s,another_bug
l20269048F,gear_stick
B98720158A,engine_overheat
C-1753458i,engine_overheat
x21906434L,engine_overheat
i13542684X,engine_overheat
u-1875498r,gear_stick
X-1879171y,another_bug
t21801419s,engine_check
L21647080y,engine_check
h-5026863d,engine_overheat
T-3466939S,engine_overheat
m12662735d,engine_check
t14261623o,engine_overheat
n-2837743g,engine_overheat
e-2154304r,gear_stick
N-2215366J,gear_stick
g-1249815S,engine_overheat
W-1215684E,engine_ignition
A11461567u,gear_stick
L16034991d,engine_check
L-2243568g,engine_overheat
U11614816e,engine_check
h-1908691k,gear_stick
S-1588766I,engine_ignition
i-2841469F,engine_overheat
W12646665I,engine_overheat
P-2897916I,engine_overheat
q-1324803Z,engine_overheat
A-6570552N,another_bug
k-1985555z,engine_check
k13077603E,engine_check
H11107062P,engine_overheat
u-1297698j,engine_ignition
R23868498r,engine_overheat
N-1923238g,engine_overheat
j-5320438l,engine_check
M-2097633r,gear_stick
U52942046Z,engine_overheat
h17001071q,engine_check
R-1401948E,engine_overheat
a-1738562d,electro_bug
R99178335S,gear_stick
t19157053h,engine_check
m14758475e,engine_overheat
B47711748K,engine_check
t21884438y,engine_ignition
V-2454314m,gear_stick
Z16920973J,engine_overheat
b13641719v,electro_bug
X13092819Q,engine_check
r14567820H,engine_overheat
a-1296325M,engine_overheat
v-1923353f,engine_overheat
P75675086P,engine_overheat
H-2270745P,gear_stick
f-1963567i,engine_overheat
C19974180h,engine_check
N39559408S,engine_overheat
P-2227204H,engine_overheat
P13046593R,electro_bug
k72805610d,engine_overheat
N62378224U,electro_bug
j-1956405K,gear_stick
Q-1492285k,gear_stick
Q11700844e,engine_overheat
E-3042252G,gear_stick
q-1872858i,engine_overheat
h-1344515n,engine_overheat
O-1383891v,break_bug
X64881130C,gear_stick
U19015371f,gear_stick
R69641219y,electro_bug
M25907433E,engine_ignition
e-1885009l,engine_fuel
l-1959164P,engine_overheat
M-9949056v,gear_stick
d-1302572o,engine_overheat
f22323125D,electro_bug
d10736354y,another_bug
w-3928877y,engine_overheat
y13551852I,engine_check
p-6352560b,engine_check
i11460685H,gear_stick
r44913393N,engine_check
S11426971O,engine_overheat
S-4753227p,gear_stick
Z-9466103x,engine_check
b86382646t,engine_overheat
T-2294411h,gear_stick
f13646346O,engine_overheat
k12390619M,gear_stick
p14822094P,engine_check
y-1267351r,another_bug
r10427446Y,engine_check
Z21148829c,engine_check
w15143755c,engine_check
s12154911r,engine_check
y76872086H,electro_bug
p15590759i,gear_stick
z-5067315t,electro_bug
H-1836769I,another_bug
f-1042769Z,another_bug
f16491132W,engine_check
P21644134e,engine_check
o67669876a,gear_stick
h-1414900L,gear_stick
i90456198D,electro_bug
B-2199737O,gear_stick
s-5157124G,engine_check
q20798329k,engine_check
b-6366825A,electro_bug
o16666830b,gear_stick
H-2456490y,gear_stick
p17190552s,engine_ignition
P22575706L,engine_overheat
W19937723D,electro_bug
p-2060516y,gear_stick
x13966371T,engine_overheat
q53435481a,electro_bug
Q-9617805F,gear_stick
N59793228F,engine_check
M52666824i,gear_stick
T-1009246T,gear_stick
f11409987C,engine_check
z-7198780T,engine_overheat
k-7951300Y,another_bug
J19069143E,gear_stick
b-1597167C,engine_overheat
O-6623929C,engine_overheat
F14674957T,engine_check
t82296586k,engine_check
Z20453566w,engine_overheat
J82279855E,electro_bug
n-2242535p,gear_stick
V-1226312R,engine_ignition
v-7763664j,engine_overheat
h-1179139J,electro_bug
x13640960Q,engine_overheat
Z-2276652N,engine_overheat
F-2165841B,engine_overheat
x-1331529J,engine_ignition
J-2127749D,electro_bug
